<?xml version="1.0" encoding="UTF-8"?>
<!DOCTYPE hibernate-configuration PUBLIC
        "-//Hibernate/Hibernate Configuration DTD 3.0//EN"
        "http://www.hibernate.org/dtd/hibernate-configuration-3.0.dtd">
<hibernate-configuration>
    <session-factory>
        <!-- Database connection settings -->
        <property name="connection.driver_class">com.mysql.cj.jdbc.Driver</property>
        <property name="connection.url">jdbc:mysql://localhost:3306/hibernateDB</property>
        <property name="hibernate.dialect">org.hibernate.dialect.MySQLDialect</property>
        <property name="connection.username">root</property>
        <property name="connection.password">Claire loves me.1</property>
        <property name="show_sql">true</property>

        <!-- Mapping files -->
        <mapping class="org.example.Book"/>
        <mapping class="org.example.Student"/>

    </session-factory>
</hibernate-configuration>